<?xml version="1.0" encoding="UTF-8" standalone="yes"?>
<addon id="plugin.video.albjb"
    name="[COLOR blue]SoloespaMi[/COLOR]"
    version="2.2.0"
    provider-name="tvalacarta">
  <requires>
    <import addon="xbmc.python" version="2.0"/>
    <import addon="plugin.video.youtube" version="3.0.0"/>
  </requires>
  <extension point="xbmc.python.pluginsource" library="menu.py">
  <info>https://github.com/albjb/soloespami.git/</info>
    <provides>video</provides>
  </extension>
  <extension point="xbmc.addon.metadata">
    <summary lang="en">SoloespaMi</summary>
    <description lang="en">Movies that you should see once in your life in the highest quality (Spanish)</description>
    <summary lang="es">SoloespaMi</summary>
    <description lang="es">Peliculas que deberias ver una vez en la vida en la mayor calidad (Español)</description>
    <platform>all</platform>
  </extension>
</addon>