<?xml version="1.0" encoding="UTF-8" standalone="yes"?>


<item>
<title>[[COLOR gold]Cuartos de final [/COLOR][COLOR blue]COAC[/COLOR] 2011] [COLOR red]CORO[/COLOR] - Café Teatro Alameda</title>        
<urlsolve>https://www.youtube.com/watch?v=rgvbeQNqIP0</urlsolve>
<thumbnail>https://raw.githubusercontent.com/sotavent0/carnamaleon/master/image/icon2011.png</thumbnail>
<fanart>https://raw.githubusercontent.com/sotavent0/carnamaleon/master/image/fanart.jpg</fanart>
</item>


<item>
<title>[[COLOR gold]Cuartos de final [/COLOR][COLOR blue]COAC[/COLOR] 2011] [COLOR green]CHIRIGOTA[/COLOR] - Los Diestros Muu Diestros</title>        
<urlsolve>https://www.youtube.com/watch?v=hb1DyvfBJvQ</urlsolve>
<thumbnail>https://raw.githubusercontent.com/sotavent0/carnamaleon/master/image/icon2011.png</thumbnail>
<fanart>https://raw.githubusercontent.com/sotavent0/carnamaleon/master/image/fanart.jpg</fanart>
</item>


<item>
<title>[[COLOR gold]Cuartos de final [/COLOR][COLOR blue]COAC[/COLOR] 2011] [COLOR brown]COMPARSA[/COLOR] - Los Molto Contenti </title>        
<urlsolve>https://www.youtube.com/watch?v=x_mlFrxgXG4</urlsolve>
<thumbnail>https://raw.githubusercontent.com/sotavent0/carnamaleon/master/image/icon2011.png</thumbnail>
<fanart>https://raw.githubusercontent.com/sotavent0/carnamaleon/master/image/fanart.jpg</fanart>
</item>


<item>
<title>[[COLOR gold]Cuartos de final [/COLOR][COLOR blue]COAC[/COLOR] 2011] [COLOR pink]CUARTETO[/COLOR] - Los Que Cogieron Al Mono Amedio Y Lo Quitaron De Enmedio </title>        
<urlsolve>https://www.youtube.com/watch?v=b4XVzOr8390</urlsolve>
<thumbnail>https://raw.githubusercontent.com/sotavent0/carnamaleon/master/image/icon2011.png</thumbnail>
<fanart>https://raw.githubusercontent.com/sotavent0/carnamaleon/master/image/fanart.jpg</fanart>
</item>





